"phase","human_gene_symbol","gene_symbol","support_n"
"S","ATAD2","ATAD2",4
"S","BLM","BLM",6
"S","CASP8AP2","CASP8AP2",3
"S","CCNE2","CCNE2",5
"S","CDC45","CDC45",5
"S","CDC6","CDC6",3
"S","CDCA7","CDCA7",4
"S","CHAF1B","CHAF1B",5
"S","CLSPN","CLSPN",4
"S","DSCC1","DSCC1",4
"S","DTL","DTL",5
"S","E2F8","E2F8",3
"S","EXO1","EXO1",5
"S","FEN1","FEN1",5
"S","GINS2","GINS2",4
"S","GMNN","GMNN",5
"S","HELLS","HELLS",4
"S","MCM4","MCM4",5
"S","MCM5","MCM5",5
"S","MCM6","MCM6",5
"S","MSH2","MSH2",5
"S","NASP","NASP",4
"S","PCNA","PCNA",5
"S","POLA1","POLA1",5
"S","POLD3","POLD3",4
"S","POLR1B","POLR1B",3
"S","PRIM1","PRIM1",4
"S","RAD51","RAD51",5
"S","RAD51AP1","RAD51AP1",4
"S","RFC2","RFC2",5
"S","RRM1","RRM1",4
"S","RRM2","RRM2",5
"S","SLBP","SLBP",4
"S","TIPIN","TIPIN",5
"S","TYMS","TYMS",5
"S","UBR7","UBR7",5
"S","UHRF1","UHRF1",5
"S","UNG","UNG",4
"S","USP1","USP1",5
"S","WDR76","WDR76",3
"G2M","ANLN","ANLN",4
"G2M","ANP32E","ANP32E",3
"G2M","AURKA","AURKB",4
"G2M","BIRC5","BIRC5",4
"G2M","BUB1","BUB1",5
"G2M","CBX5","CBX5",3
"G2M","CCNB2","CCNB1",5
"G2M","CDC20","CDC20",5
"G2M","CDCA3","CDCA3",3
"G2M","CDK1","CDK1",6
"G2M","CENPA","CENPA",5
"G2M","CENPE","CENPE",3
"G2M","CENPF","CENPF",5
"G2M","CKAP2","CKAP2",5
"G2M","CKAP5","CKAP5",5
"G2M","CKS1B","CKS1B",4
"G2M","CKS2","CKS2",5
"G2M","CTCF","CTCF",5
"G2M","DLGAP5","DLGAP5",4
"G2M","ECT2","ECT2",5
"G2M","G2E3","G2E3",4
"G2M","GAS2L3","GAS2L3",3
"G2M","GTSE1","GTSE1",4
"G2M","HMGB2","HMGB2",6
"G2M","HMMR","HMMR",5
"G2M","JPT1","HN1",4
"G2M","KIF11","KIF11",5
"G2M","KIF23","KIF23",5
"G2M","KIF2C","KIF2C",4
"G2M","LBR","LBR",6
"G2M","NCAPD2","NCAPD2",5
"G2M","NDC80","NDC80",5
"G2M","NEK2","NEK2",5
"G2M","NUF2","NUF2",4
"G2M","NUSAP1","NUSAP1",5
"G2M","PIMREG","FAM64A",3
"G2M","RANGAP1","RANGAP1",5
"G2M","SMC4","SMC4",5
"G2M","TACC3","TACC3",5
"G2M","TMPO","TMPO",3
"G2M","TOP2A","TOP2A",5
"G2M","TPX2","TPX2",4
"G2M","TTK","TTK",5
"G2M","TUBB4B","TUBB4B",4
"G2M","UBE2C","UBE2U",4
