phase,human_gene_symbol,gene_symbol,orthology_type,orthology_confidence
G2M,ANLN,ANLN,ortholog_one2one,1
G2M,ANP32E,ANP32E,ortholog_one2one,1
G2M,AURKA,AURKA,ortholog_one2one,1
G2M,AURKB,AURKB,ortholog_one2one,1
G2M,BUB1,BUB1,ortholog_one2one,1
G2M,CBX5,CBX5,ortholog_one2one,1
G2M,CCNB2,CCNB2,ortholog_one2one,1
G2M,CDC20,CDC20,ortholog_one2one,1
G2M,CDC25C,CDC25C,ortholog_one2one,1
G2M,CDCA2,CDCA2,ortholog_one2one,1
G2M,CDCA3,CDCA3,ortholog_one2one,1
G2M,CDCA8,CDCA8,ortholog_one2one,1
G2M,CENPA,CENPA,ortholog_one2one,1
G2M,CENPF,CENPF,ortholog_one2one,1
G2M,CKAP2,CKAP2,ortholog_one2one,1
G2M,CKAP2L,CKAP2L,ortholog_one2one,1
G2M,CKAP5,CKAP5,ortholog_one2one,1
G2M,CTCF,CTCF,ortholog_one2one,1
G2M,DLGAP5,DLGAP5,ortholog_one2one,1
G2M,ECT2,ECT2,ortholog_one2one,1
G2M,G2E3,G2E3,ortholog_one2one,1
G2M,GAS2L3,GAS2L3,ortholog_one2one,1
G2M,GTSE1,GTSE1,ortholog_one2one,1
G2M,HJURP,HJURP,ortholog_one2one,1
G2M,HMGB2,HMGB2,ortholog_one2one,1
G2M,HMMR,HMMR,ortholog_one2one,1
G2M,KIF11,KIF11,ortholog_one2one,1
G2M,KIF20B,KIF20B,ortholog_one2one,1
G2M,KIF23,KIF23,ortholog_one2one,1
G2M,KIF2C,KIF2C,ortholog_one2one,1
G2M,LBR,LBR,ortholog_one2one,1
G2M,MKI67,MKI67,ortholog_one2one,1
G2M,NCAPD2,NCAPD2,ortholog_one2one,1
G2M,NDC80,NDC80,ortholog_one2one,1
G2M,NEK2,NEK2,ortholog_one2one,1
G2M,NUF2,NUF2,ortholog_one2one,1
G2M,NUSAP1,NUSAP1,ortholog_one2one,1
G2M,PSRC1,PSRC1,ortholog_one2one,1
G2M,RANGAP1,RANGAP1,ortholog_one2one,1
G2M,SMC4,SMC4,ortholog_one2one,1
G2M,TACC3,TACC3,ortholog_one2one,1
G2M,TMPO,TMPO,ortholog_one2one,1
G2M,TOP2A,TOP2A,ortholog_one2one,1
G2M,TPX2,TPX2,ortholog_one2one,1
G2M,TTK,TTK,ortholog_one2one,1
G2M,TUBB4B,TUBB4B,ortholog_one2one,1
S,ATAD2,ATAD2,ortholog_one2one,1
S,BLM,BLM,ortholog_one2one,1
S,BRIP1,BRIP1,ortholog_one2one,1
S,CASP8AP2,CASP8AP2,ortholog_one2one,1
S,CCNE2,CCNE2,ortholog_one2one,1
S,CDC45,CDC45,ortholog_one2one,1
S,CDC6,CDC6,ortholog_one2one,1
S,CDCA7,CDCA7,ortholog_one2one,1
S,CENPU,CENPU,ortholog_one2one,1
S,CHAF1B,CHAF1B,ortholog_one2one,1
S,DSCC1,DSCC1,ortholog_one2one,1
S,DTL,DTL,ortholog_one2one,1
S,E2F8,E2F8,ortholog_one2one,1
S,EXO1,EXO1,ortholog_one2one,1
S,FEN1,FEN1,ortholog_one2one,1
S,GINS2,GINS2,ortholog_one2one,1
S,GMNN,GMNN,ortholog_one2one,1
S,HELLS,HELLS,ortholog_one2one,1
S,MCM2,MCM2,ortholog_one2one,1
S,MCM4,MCM4,ortholog_one2one,1
S,MCM5,MCM5,ortholog_one2one,1
S,MCM6,MCM6,ortholog_one2one,1
S,MSH2,MSH2,ortholog_one2one,1
S,NASP,NASP,ortholog_one2one,1
S,PCNA,PCNA,ortholog_one2one,1
S,POLA1,POLA1,ortholog_one2one,1
S,RAD51,RAD51,ortholog_one2one,1
S,RAD51AP1,RAD51AP1,ortholog_one2one,1
S,RFC2,RFC2,ortholog_one2one,1
S,RPA2,RPA2,ortholog_one2one,1
S,RRM1,RRM1,ortholog_one2one,1
S,RRM2,RRM2,ortholog_one2one,1
S,SLBP,SLBP,ortholog_one2one,1
S,TIPIN,TIPIN,ortholog_one2one,1
S,TYMS,TYMS,ortholog_one2one,1
S,UBR7,UBR7,ortholog_one2one,1
S,UHRF1,UHRF1,ortholog_one2one,1
S,UNG,UNG,ortholog_one2one,1
S,USP1,USP1,ortholog_one2one,1
S,WDR76,WDR76,ortholog_one2one,1
